{"_type":"export","__export_format":4,"__export_date":"2021-12-16T00:27:03.007Z","__export_source":"insomnia.desktop.app:v2021.7.2","resources":[{"_id":"req_e95648670e434c70b11b63cbc02f8d79","parentId":"wrk_6dbc11d82ac644d8b580a441b3981e6b","modified":1639613869162,"created":1639613162587,"url":"http://localhost:3000/login/realizarlogin","name":"Realizar login","description":"","method":"POST","body":{"mimeType":"application/json","text":"{\n\t\"login\": \"master\",\n\t\"senha\": \"master\"\n}"},"parameters":[],"headers":[{"name":"Content-Type","value":"application/json","id":"pair_0aa0acd37feb4a9e902a24fd86c988a3"}],"authentication":{},"metaSortKey":-1639613037766,"isPrivate":false,"settingStoreCookies":true,"settingSendCookies":true,"settingDisableRenderRequestBody":false,"settingEncodeUrl":true,"settingRebuildPath":true,"settingFollowRedirects":"global","_type":"request"},{"_id":"wrk_6dbc11d82ac644d8b580a441b3981e6b","parentId":null,"modified":1639611642286,"created":1639611642286,"name":"Prova Izabela","description":"","scope":"collection","_type":"workspace"},{"_id":"req_7ce34cd8c4c740c8bd85009bd85a7316","parentId":"wrk_6dbc11d82ac644d8b580a441b3981e6b","modified":1639613106137,"created":1639613037716,"url":"http://localhost:3000/listar-todos","name":"Listar todos","description":"","method":"GET","body":{},"parameters":[],"headers":[],"authentication":{},"metaSortKey":-1639613037716,"isPrivate":false,"settingStoreCookies":true,"settingSendCookies":true,"settingDisableRenderRequestBody":false,"settingEncodeUrl":true,"settingRebuildPath":true,"settingFollowRedirects":"global","_type":"request"},{"_id":"req_a55180edc2614d5eb02ca0818c38d663","parentId":"wrk_6dbc11d82ac644d8b580a441b3981e6b","modified":1639614029861,"created":1639611650154,"url":"http://localhost:3000/novo-login","name":"Criar login","description":"","method":"POST","body":{"mimeType":"application/json","text":"{\n\t\"login\": \"master\",\n\t\"senha\": \"master\",\n\t\"nome\": \"master\",\n\t\"sobrenome\": \"master\"\n}"},"parameters":[],"headers":[{"name":"Content-Type","value":"application/json","id":"pair_414886cfc7e94d34b27f640fca44d162"}],"authentication":{},"metaSortKey":-1639611650154,"isPrivate":false,"settingStoreCookies":true,"settingSendCookies":true,"settingDisableRenderRequestBody":false,"settingEncodeUrl":true,"settingRebuildPath":true,"settingFollowRedirects":"global","_type":"request"},{"_id":"req_eea7cff1b4aa4357b543d36e583a0c6d","parentId":"wrk_6dbc11d82ac644d8b580a441b3981e6b","modified":1639614306054,"created":1639612174439,"url":"http://localhost:3000/editar/teste","name":"Editar login","description":"","method":"POST","body":{"mimeType":"application/json","text":"{\n\t\"login\": \"izabela\",\n\t\"senha\": \"izabela\",\n\t\"nome\": \"Izabela\",\n\t\"sobrenome\": \"Caetano\"\n}"},"parameters":[],"headers":[{"name":"Content-Type","value":"application/json","id":"pair_414886cfc7e94d34b27f640fca44d162"}],"authentication":{},"metaSortKey":-1639611650104,"isPrivate":false,"settingStoreCookies":true,"settingSendCookies":true,"settingDisableRenderRequestBody":false,"settingEncodeUrl":true,"settingRebuildPath":true,"settingFollowRedirects":"global","_type":"request"},{"_id":"req_97ebc9850e6947b6a165adffc261c577","parentId":"wrk_6dbc11d82ac644d8b580a441b3981e6b","modified":1639612726820,"created":1639612492186,"url":"http://localhost:3000/deletar/teste","name":"Excluir login","description":"","method":"DELETE","body":{},"parameters":[],"headers":[],"authentication":{},"metaSortKey":-1639611650054,"isPrivate":false,"settingStoreCookies":true,"settingSendCookies":true,"settingDisableRenderRequestBody":false,"settingEncodeUrl":true,"settingRebuildPath":true,"settingFollowRedirects":"global","_type":"request"},{"_id":"env_fd2547f0a86b8da2619c1c44f30d9ca2bc3b7444","parentId":"wrk_6dbc11d82ac644d8b580a441b3981e6b","modified":1639611642291,"created":1639611642291,"name":"Base Environment","data":{},"dataPropertyOrder":null,"color":null,"isPrivate":false,"metaSortKey":1639611642291,"_type":"environment"},{"_id":"jar_fd2547f0a86b8da2619c1c44f30d9ca2bc3b7444","parentId":"wrk_6dbc11d82ac644d8b580a441b3981e6b","modified":1639611642294,"created":1639611642294,"name":"Default Jar","cookies":[],"_type":"cookie_jar"},{"_id":"spc_aa29a12c9f0244e29f4170bdd6235515","parentId":"wrk_6dbc11d82ac644d8b580a441b3981e6b","modified":1639611642287,"created":1639611642287,"fileName":"Prova Izabela","contents":"","contentType":"yaml","_type":"api_spec"}]}